,Titulo,Detalhes,Preço,Local
0,Carrinho de suporte para cilindros,, R$ 550,"Natal, Nossa Senhora De Nazaré"
1,Sx4 2012 - 2012,, R$ 550,"Natal, Nossa Senhora De Nazaré"
2,Lander 250 cc - 2014 PASSO CARTÃO - 2014,, R$ 550,"Natal, Nossa Senhora De Nazaré"
3,Honda NC 750 Estado de 0km - 2019,, R$ 550,"Natal, Nossa Senhora De Nazaré"
4,Oferta de Peças- Semi Eixo,, R$ 550,"Natal, Nossa Senhora De Nazaré"
5,Fcar auto peças e serviços,, R$ 550,"Natal, Nossa Senhora De Nazaré"
6,Classic 2013 - 2013,, R$ 550,"Natal, Nossa Senhora De Nazaré"
7,FIAT IDEA 2011/2012 1.4 MPI ATTRACTIVE 8V FLEX 4P MANUAL - 2012,, R$ 550,"Natal, Nossa Senhora De Nazaré"
8,Pajero manual TR4 - Extra 2008 - a mais nova de Natal - 2008,, R$ 550,"Natal, Nossa Senhora De Nazaré"
9,CHEVROLET ONIX 2018/2018 1.0 MPFI JOY 8V FLEX 4P MANUAL - 2018,, R$ 550,"Natal, Nossa Senhora De Nazaré"
10,Hb20 C.Plus 1.6 Flex 16V Aut. - 2018,, R$ 550,"Natal, Nossa Senhora De Nazaré"
11,Mercedinha ano 2000 - 2000,, R$ 550,"Natal, Nossa Senhora De Nazaré"
12,Som Original Punto,, R$ 550,"Natal, Nossa Senhora De Nazaré"
13,FORD FIESTA 2012/2013 1.6 ROCAM SEDAN 8V FLEX 4P MANUAL - 2013,, R$ 550,"Natal, Nossa Senhora De Nazaré"
14,Vendo 4 pneus Firestone novo 175/65/14,, R$ 550,"Natal, Nossa Senhora De Nazaré"
15,Corsa 2008 com ar financio com 1.000 de entrada - 2008,, R$ 550,"Natal, Nossa Senhora De Nazaré"
16,Parati completa toda revisada gás 17 metrô - 2000,, R$ 550,"Natal, Nossa Senhora De Nazaré"
17,Sandero 1.6 Expression 2013 - 2013,, R$ 550,"Natal, Nossa Senhora De Nazaré"
18,Honda Hr-v - 2016,, R$ 550,"Natal, Nossa Senhora De Nazaré"
19,Chave geral,, R$ 550,"Natal, Nossa Senhora De Nazaré"
20,Suspensão a rosca dianteira do gol,, R$ 550,"Natal, Nossa Senhora De Nazaré"
21,Vendo fusca ano 83 - 1983,, R$ 550,"Natal, Nossa Senhora De Nazaré"
22,L200 triton hpe 2014/2015 - 2015,, R$ 550,"Natal, Nossa Senhora De Nazaré"
23,Capacete bieffe,, R$ 550,"Natal, Nossa Senhora De Nazaré"
24,Vendo New Fiesta 2012 - melhor versão - LEIA A DESCRIÇÃO - 2012,, R$ 550,"Natal, Nossa Senhora De Nazaré"
25,Honda exr 2.0 2016 com teto carro top - 2016,, R$ 550,"Natal, Nossa Senhora De Nazaré"
26,"Etios Hatch 1.3 X 2018 completo, único dono, extra, todo revisado! - 2018",, R$ 550,"Natal, Nossa Senhora De Nazaré"
27,KIA SORENTO 3.3 EX V6 24V GASOLINA 4P 7 LUGARES AUTOMATICO - 2016,, R$ 550,"Natal, Nossa Senhora De Nazaré"
28,Ford Ka + 1.5 se 16v flex 4p manual - 2018,, R$ 550,"Natal, Nossa Senhora De Nazaré"
29,Peugeot 206 Feline 1.6 2007 - 2007,, R$ 550,"Natal, Nossa Senhora De Nazaré"
30,Gran vitara 4x4 - 2009,, R$ 550,"Natal, Nossa Senhora De Nazaré"
31,Fiat Strada Cab Dupla 3 Portas Oportunidade Conservada Troco e Financio - 2015,, R$ 550,"Natal, Nossa Senhora De Nazaré"
32,Clio Expression Hi-Flex 1.0 16V 5P - 2016,, R$ 550,"Natal, Nossa Senhora De Nazaré"
33,Citroen C3 - 2016,, R$ 550,"Natal, Nossa Senhora De Nazaré"
34,SUZUKI GRAND VITARA 2009/2010 2.0 4X4 16V GASOLINA 4P AUTOMÁTICO - 2010,, R$ 550,"Natal, Nossa Senhora De Nazaré"
35,Voyage Trendline 1.6 T.flex 8v 4p - 2018,, R$ 550,"Natal, Nossa Senhora De Nazaré"
36,Ford Ka SE | Completo | Revisado | Transferência Grátis | Aqui você troca e recebe o Troco - 2018,, R$ 550,"Natal, Nossa Senhora De Nazaré"
37,Gm - Chevrolet Prisma LT 1.4 2018 - 2018,, R$ 550,"Natal, Nossa Senhora De Nazaré"
38,Reboque Tanque Krone TQ 123 30,, R$ 550,"Natal, Nossa Senhora De Nazaré"
39,Hb20S 1.6 Comfort Plus 16V Flex 4P Automático - 2018,, R$ 550,"Natal, Nossa Senhora De Nazaré"
40,Volvo Xc90 2.0 t6 Momentum Awd Geartronic - 2019,, R$ 550,"Natal, Nossa Senhora De Nazaré"
41,ONIX HATCH LT 1.0 8V FLEXPOWER 5P MEC. - 2018,, R$ 550,"Natal, Nossa Senhora De Nazaré"
42,Dafra 150 speed - 2009,, R$ 550,"Natal, Nossa Senhora De Nazaré"
43,Palio Weekend 97 Completa 1.6 16v - 1997,, R$ 550,"Natal, Nossa Senhora De Nazaré"
44,Peça honda - 2018,, R$ 550,"Natal, Nossa Senhora De Nazaré"
45,Siena 1.8 2007 - 2007,, R$ 550,"Natal, Nossa Senhora De Nazaré"
46,Venda - 2011,, R$ 550,"Natal, Nossa Senhora De Nazaré"
47,Vendo celta - 2002,, R$ 550,"Natal, Nossa Senhora De Nazaré"
48,UNO VIVACE 1.0 completo 2011 - 2011,, R$ 550,"Natal, Nossa Senhora De Nazaré"
49,"Pneu Novo 265/60 R18 110H Marca Austone ( Pajero Full, Mohave, Amarok, Infiniti: FX35 )",, R$ 550,"Natal, Nossa Senhora De Nazaré"
50,Astra 2009 completo - 2009, 30.588 km | Cilindradas: 150, R$ 5.500,Macaíba
51,Peugeot 206 - 2008, 30.588 km | Cilindradas: 150, R$ 5.500,Macaíba
52,Fiorino Furgão Bau 2008/08 - 2008, 30.588 km | Cilindradas: 150, R$ 5.500,Macaíba
53,Fiat Siena fire Flex 2007 - 2007, 30.588 km | Cilindradas: 150, R$ 5.500,Macaíba
54,Saveiro Robust 1.6 2018 - 2018, 30.588 km | Cilindradas: 150, R$ 5.500,Macaíba
55,[Vendo|Troco|Financio] Chevrolet Celta 1.0 LT 4P - 69mil KM - 2012, 30.588 km | Cilindradas: 150, R$ 5.500,Macaíba
56,C3 Tendence Automático - 2015, 30.588 km | Cilindradas: 150, R$ 5.500,Macaíba
57,Renault Sandero 2016/2017 1.0 Expression - 2017, 30.588 km | Cilindradas: 150, R$ 5.500,Macaíba
58,Gol G5 2012 - 2012, 30.588 km | Cilindradas: 150, R$ 5.500,Macaíba
59,Toyota Corolla 2010/2011 1.8 XLI 16V 4P - 2011, 30.588 km | Cilindradas: 150, R$ 5.500,Macaíba
60,"Fiat Uno Mille Fire 2008/2009 (Carro conservado, não bate nada) - 2009", 30.588 km | Cilindradas: 150, R$ 5.500,Macaíba
61,New fiesta 1.6 - 2012, 30.588 km | Cilindradas: 150, R$ 5.500,Macaíba
62,Siena 2007 super conservado - 2007, 30.588 km | Cilindradas: 150, R$ 5.500,Macaíba
63,Gol - 2007, 30.588 km | Cilindradas: 150, R$ 5.500,Macaíba
64,Siena EL 1.0 2010 - 2010, 30.588 km | Cilindradas: 150, R$ 5.500,Macaíba
65,Fiat palio atractive 1.4 2013 completo - 2013, 30.588 km | Cilindradas: 150, R$ 5.500,Macaíba
66,Siena 2010 1.4 ELX - 2010, 30.588 km | Cilindradas: 150, R$ 5.500,Macaíba
67,Ônix ltz - 2016 - completão - 2016, 30.588 km | Cilindradas: 150, R$ 5.500,Macaíba
68,Vendo cerato - 2011, 30.588 km | Cilindradas: 150, R$ 5.500,Macaíba
69,C4 2010 carro muito Bom - 2010, 30.588 km | Cilindradas: 150, R$ 5.500,Macaíba
70,Vendo Toyota Etios Sedan 1.5 XS - 2013, 30.588 km | Cilindradas: 150, R$ 5.500,Macaíba
71,Vende Fiat uno - 2000, 30.588 km | Cilindradas: 150, R$ 5.500,Macaíba
72,C4 LOUNGE 2014 completo - 2014, 30.588 km | Cilindradas: 150, R$ 5.500,Macaíba
73,Vendo classic 2009 - 2009, 30.588 km | Cilindradas: 150, R$ 5.500,Macaíba
74,Sentra 2.0 S - 2007, 30.588 km | Cilindradas: 150, R$ 5.500,Macaíba
75,Suzuki Grand Vitara 2010 4X4 - 2010, 30.588 km | Cilindradas: 150, R$ 5.500,Macaíba
76,Grand Vitara 2010 Automática - 4x4 - Oportunidade Única! - 2010, 30.588 km | Cilindradas: 150, R$ 5.500,Macaíba
77,Vw - Volkswagen Gol G5 1.6 - 2012, 30.588 km | Cilindradas: 150, R$ 5.500,Macaíba
78,Vendo carro - 2016, 30.588 km | Cilindradas: 150, R$ 5.500,Macaíba
79,Automóveis Sem Burocracia (ofertas Exclusivas) - 2015, 30.588 km | Cilindradas: 150, R$ 5.500,Macaíba
80,Carro. contato;987186665 - 1997, 30.588 km | Cilindradas: 150, R$ 5.500,Macaíba
81,Carro - 1997, 30.588 km | Cilindradas: 150, R$ 5.500,Macaíba
82,Vendo CONSÓRCIO uno Vivace 14 EXTRA - 2014, 30.588 km | Cilindradas: 150, R$ 5.500,Macaíba
83,Palio hlx 2004 - 2004, 30.588 km | Cilindradas: 150, R$ 5.500,Macaíba
84,Vendo/Troco Palio Sporting 1.6 - leia o anúncio - 2012, 30.588 km | Cilindradas: 150, R$ 5.500,Macaíba
85,Vw - Volkswagen Kombi - 2012, 30.588 km | Cilindradas: 150, R$ 5.500,Macaíba
86,Vw - Volkswagen Polo - 2004, 30.588 km | Cilindradas: 150, R$ 5.500,Macaíba
87,Corolla automático leia anúncio troco - 2010, 30.588 km | Cilindradas: 150, R$ 5.500,Macaíba
88,Grand Vitara 2014 4x4 58 mil Km - 2014, 30.588 km | Cilindradas: 150, R$ 5.500,Macaíba
89,Vendo Honda 2003 - 2003, 30.588 km | Cilindradas: 150, R$ 5.500,Macaíba
90,Jeep Renegade Sport 2015/2016 Automática - 2016, 30.588 km | Cilindradas: 150, R$ 5.500,Macaíba
91,HB20s 1.6 sedã Premium 2014/2014 manual - 2014, 30.588 km | Cilindradas: 150, R$ 5.500,Macaíba
92,Nissan march 2017 - 2017, 30.588 km | Cilindradas: 150, R$ 5.500,Macaíba
93,Gm - Chevrolet Onix ACTV - 2018, 30.588 km | Cilindradas: 150, R$ 5.500,Macaíba
94,Tucson 2016 automático - 2016, 30.588 km | Cilindradas: 150, R$ 5.500,Macaíba
95,"Suzuki Grand Vitara 2.0 2012 4x2 Automático, Imperdível! - 2012", 30.588 km | Cilindradas: 150, R$ 5.500,Macaíba
96,Citroen Aircross 2018 extra - 2018, 30.588 km | Cilindradas: 150, R$ 5.500,Macaíba
97,Yamaha YZF R3 - 2016, 30.588 km | Cilindradas: 150, R$ 5.500,Macaíba
98,Vendo factor 2010 - 2009, 30.588 km | Cilindradas: 150, R$ 5.500,Macaíba
99,vendo  - 2015, 30.588 km | Cilindradas: 150, R$ 5.500,Macaíba
100,Toyota Corolla 2015 GLi 1.8 Flex - 2015,, R$ 350,"Natal, Cidade da Esperança"
101,Titan 2014 completa - 2014,, R$ 350,"Natal, Cidade da Esperança"
102,Par Alto Falante Hurricane Quadriaxial Cm69 6x9 Flat 180w Rms Mala Automotivo Carro Som,, R$ 350,"Natal, Cidade da Esperança"
103,Jeep Grand Cherokee 3.6 LIMITED 2015/15 - 2015,, R$ 350,"Natal, Cidade da Esperança"
104,HONDA HR-V 2016/2016 1.8 16V FLEX LX 4P AUTOMÁTICO - 2016,, R$ 350,"Natal, Cidade da Esperança"
105,Clássic LS 2014 - 2014,, R$ 350,"Natal, Cidade da Esperança"
106,Jeep Compass longitude Diesel 2019 - 2019,, R$ 350,"Natal, Cidade da Esperança"
107,Hb20 1.0 confort plus 2017 - 2017,, R$ 350,"Natal, Cidade da Esperança"
108,Jaqueta Feminina,, R$ 350,"Natal, Cidade da Esperança"
109,Potencia 400w Rms Soundigital Sd400 4 Canais Digital Tag: Ts400 Modulo Potência Taramps St,, R$ 350,"Natal, Cidade da Esperança"
110,Filtro Esportivo,, R$ 350,"Natal, Cidade da Esperança"
111,Kit Lâmpada Super LED Headlight 3D 6000K BI,, R$ 350,"Natal, Cidade da Esperança"
112,Pneu Novo 195/65 R15 Marca Onyx,, R$ 350,"Natal, Cidade da Esperança"
113,Capacete LS2,, R$ 350,"Natal, Cidade da Esperança"
114,Gm - Chevrolet S10 High Country 2.8 2018 - 2018,, R$ 350,"Natal, Cidade da Esperança"
115,Alto Falante Hurricane 6 Ou 5 Polegadas 130w Rms Automotivo Carro Par Fone p Porta,, R$ 350,"Natal, Cidade da Esperança"
116,Promoção Uno Vivace Way - 2013,, R$ 350,"Natal, Cidade da Esperança"
117,"Pneu Novo 185/65 R15 Marca Onyx ( Onix, Prisma, Civic, Cerato, Logan, Sandero, Versa.)",, R$ 350,"Natal, Cidade da Esperança"
118,Bota taticacortuno motociclista com palmilha em gel,, R$ 350,"Natal, Cidade da Esperança"
119, JEEP  RENEGADE 2.0 16V TURBO DIESEL 2016 - 2016,, R$ 350,"Natal, Cidade da Esperança"
120,"Pneu Novo 225/50 R17 98W Fate (Gm Cruze, Ford Fusion, Audi A4 / A6, Volvo C30 / S60 e C60)",, R$ 350,"Natal, Cidade da Esperança"
121, RENAULT  CAPTUR 2.0 16V HI-FLEX INTENSE 2017 - 2018,, R$ 350,"Natal, Cidade da Esperança"
122,"Pneu Novo 215/60 R17 Marca Zeta ( Hyundai Creta, Jeep Renegade, Mitsubishi Asx.)",, R$ 350,"Natal, Cidade da Esperança"
123,Bloqueador anti furto,, R$ 350,"Natal, Cidade da Esperança"
124,Gol G5 2011 - 2011,, R$ 350,"Natal, Cidade da Esperança"
125,Munheca para reboque reforçada (engate rápido),, R$ 350,"Natal, Cidade da Esperança"
126,"Pneu Novo 205/60 R16 Marca Hifly ( Linha Fiat Adventure, Ecosport, Aircross, Fluence., )",, R$ 350,"Natal, Cidade da Esperança"
127,Honda Civic 2001 - 2001,, R$ 350,"Natal, Cidade da Esperança"
128, HYUNDAI  HB20S 1.6 COMFORT PLUS 16V 2018 - 2018,, R$ 350,"Natal, Cidade da Esperança"
129, HYUNDAI  HB20 1.6 COMFORT PLUS 16V FLEX 2017 - 2018,, R$ 350,"Natal, Cidade da Esperança"
130,[Vendo|Troco|Financio] Chevrolet Celta 1.0 LT 4P - 69mil KM - 2012,, R$ 350,"Natal, Cidade da Esperança"
131,Hyundai i30 2012 - 2012,, R$ 350,"Natal, Cidade da Esperança"
132,Chave Canivete Carcaça Chevrolet Celta,, R$ 350,"Natal, Cidade da Esperança"
133,F12000 - 1995,, R$ 350,"Natal, Cidade da Esperança"
134,C3 Tendence Automático - 2015,, R$ 350,"Natal, Cidade da Esperança"
135,Troco CB 300R em XRE 300 - 2010,, R$ 350,"Natal, Cidade da Esperança"
136,Land Rover Range Rover Sport 2015 - 2015,, R$ 350,"Natal, Cidade da Esperança"
137,Chave Canivete Carcaça Hyundai HB20 - 3 botões,, R$ 350,"Natal, Cidade da Esperança"
138,VOLKSWAGEN GOL 2018/2018 1.6 MSI TOTALFLEX TRENDLINE 4P MANUAL - 2018,, R$ 350,"Natal, Cidade da Esperança"
139,Leia todo o anúncio - 2005,, R$ 350,"Natal, Cidade da Esperança"
140,Renault Sandero 2016/2017 1.0 Expression - 2017,, R$ 350,"Natal, Cidade da Esperança"
141,Lanterna da shineray,, R$ 350,"Natal, Cidade da Esperança"
142,Chave canivete carcaça VW G5 Voyage Gol Fox - 3 botões,, R$ 350,"Natal, Cidade da Esperança"
143,"Xr tornado 250, 2005 - 2005",, R$ 350,"Natal, Cidade da Esperança"
144,Gol G5 2012 - 2012,, R$ 350,"Natal, Cidade da Esperança"
145,Roda Nova 22.5 ( 275/80 R 22.5 ) 22.5x7.5 NCC 10 Furos ( Favor Ler Descrição do Anuncio ),, R$ 350,"Natal, Cidade da Esperança"
146,Toyota Etios hatch super novo - 2016,, R$ 350,"Natal, Cidade da Esperança"
147,NISSAN KICKS 2018/2018 1.6 16V FLEX S 4P XTRONIC - 2018,, R$ 350,"Natal, Cidade da Esperança"
148,Reboque do golf,, R$ 350,"Natal, Cidade da Esperança"
149,Vender barato,, R$ 350,"Natal, Cidade da Esperança"
150,Jeep Compass longitude Diesel 2019 - 2019, 62.000 km | Câmbio: semi-automático | Flex, R$ 26.990,"Natal, Nordeste"
151,J2 completo 2013 - 2013, 62.000 km | Câmbio: semi-automático | Flex, R$ 26.990,"Natal, Nordeste"
152,Hb20 1.0 confort plus 2017 - 2017, 62.000 km | Câmbio: semi-automático | Flex, R$ 26.990,"Natal, Nordeste"
153,Jaqueta Feminina, 62.000 km | Câmbio: semi-automático | Flex, R$ 26.990,"Natal, Nordeste"
154,FIAT SIENA 2008/2009 1.0 MPI FIRE CELEBRATION 8V FLEX 4P MANUAL - 2009, 62.000 km | Câmbio: semi-automático | Flex, R$ 26.990,"Natal, Nordeste"
155,Potencia 400w Rms Soundigital Sd400 4 Canais Digital Tag: Ts400 Modulo Potência Taramps St, 62.000 km | Câmbio: semi-automático | Flex, R$ 26.990,"Natal, Nordeste"
156,BMW 320I 2010/2011 2.0 TOP 16V GASOLINA 4P AUTOMÁTICO - 2011, 62.000 km | Câmbio: semi-automático | Flex, R$ 26.990,"Natal, Nordeste"
157,KIA PICANTO 2011/2012 1.0 EX 12V FLEX 4P MANUAL - 2012, 62.000 km | Câmbio: semi-automático | Flex, R$ 26.990,"Natal, Nordeste"
158,Palio Celebration 1.0 Fire Flex 8V 4p - 2010, 62.000 km | Câmbio: semi-automático | Flex, R$ 26.990,"Natal, Nordeste"
159,Siena ATTRACTIVE 1.4 Fire Flex 8V 4P - 2013, 62.000 km | Câmbio: semi-automático | Flex, R$ 26.990,"Natal, Nordeste"
160,CHEVROLET CLASSIC 2008/2008 1.0 MPFI LIFE 8V FLEX 4P MANUAL - 2008, 62.000 km | Câmbio: semi-automático | Flex, R$ 26.990,"Natal, Nordeste"
161,Filtro Esportivo, 62.000 km | Câmbio: semi-automático | Flex, R$ 26.990,"Natal, Nordeste"
162,Cobalt LTZ 1.4 2015 - 2015, 62.000 km | Câmbio: semi-automático | Flex, R$ 26.990,"Natal, Nordeste"
163,Kit Lâmpada Super LED Headlight 3D 6000K BI, 62.000 km | Câmbio: semi-automático | Flex, R$ 26.990,"Natal, Nordeste"
164,Pneu Novo 195/65 R15 Marca Onyx, 62.000 km | Câmbio: semi-automático | Flex, R$ 26.990,"Natal, Nordeste"
165,Capacete LS2, 62.000 km | Câmbio: semi-automático | Flex, R$ 26.990,"Natal, Nordeste"
166,Gm - Chevrolet S10 High Country 2.8 2018 - 2018, 62.000 km | Câmbio: semi-automático | Flex, R$ 26.990,"Natal, Nordeste"
167,Alto Falante Hurricane 6 Ou 5 Polegadas 130w Rms Automotivo Carro Par Fone p Porta, 62.000 km | Câmbio: semi-automático | Flex, R$ 26.990,"Natal, Nordeste"
168,Promoção Uno Vivace Way - 2013, 62.000 km | Câmbio: semi-automático | Flex, R$ 26.990,"Natal, Nordeste"
169,"Pneu Novo 185/65 R15 Marca Onyx ( Onix, Prisma, Civic, Cerato, Logan, Sandero, Versa.)", 62.000 km | Câmbio: semi-automático | Flex, R$ 26.990,"Natal, Nordeste"
170,Bota taticacortuno motociclista com palmilha em gel, 62.000 km | Câmbio: semi-automático | Flex, R$ 26.990,"Natal, Nordeste"
171, JEEP  RENEGADE 2.0 16V TURBO DIESEL 2016 - 2016, 62.000 km | Câmbio: semi-automático | Flex, R$ 26.990,"Natal, Nordeste"
172,"Pneu Novo 225/50 R17 98W Fate (Gm Cruze, Ford Fusion, Audi A4 / A6, Volvo C30 / S60 e C60)", 62.000 km | Câmbio: semi-automático | Flex, R$ 26.990,"Natal, Nordeste"
173, RENAULT  CAPTUR 2.0 16V HI-FLEX INTENSE 2017 - 2018, 62.000 km | Câmbio: semi-automático | Flex, R$ 26.990,"Natal, Nordeste"
174,"Pneu Novo 215/60 R17 Marca Zeta ( Hyundai Creta, Jeep Renegade, Mitsubishi Asx.)", 62.000 km | Câmbio: semi-automático | Flex, R$ 26.990,"Natal, Nordeste"
175,Bloqueador anti furto, 62.000 km | Câmbio: semi-automático | Flex, R$ 26.990,"Natal, Nordeste"
176,Gol G5 2011 - 2011, 62.000 km | Câmbio: semi-automático | Flex, R$ 26.990,"Natal, Nordeste"
177,Munheca para reboque reforçada (engate rápido), 62.000 km | Câmbio: semi-automático | Flex, R$ 26.990,"Natal, Nordeste"
178,"Pneu Novo 205/60 R16 Marca Hifly ( Linha Fiat Adventure, Ecosport, Aircross, Fluence., )", 62.000 km | Câmbio: semi-automático | Flex, R$ 26.990,"Natal, Nordeste"
179,Honda Civic 2001 - 2001, 62.000 km | Câmbio: semi-automático | Flex, R$ 26.990,"Natal, Nordeste"
180, HYUNDAI  HB20S 1.6 COMFORT PLUS 16V 2018 - 2018, 62.000 km | Câmbio: semi-automático | Flex, R$ 26.990,"Natal, Nordeste"
181, HYUNDAI  HB20 1.6 COMFORT PLUS 16V FLEX 2017 - 2018, 62.000 km | Câmbio: semi-automático | Flex, R$ 26.990,"Natal, Nordeste"
182,[Vendo|Troco|Financio] Chevrolet Celta 1.0 LT 4P - 69mil KM - 2012, 62.000 km | Câmbio: semi-automático | Flex, R$ 26.990,"Natal, Nordeste"
183,Hyundai i30 2012 - 2012, 62.000 km | Câmbio: semi-automático | Flex, R$ 26.990,"Natal, Nordeste"
184,Jet ski - 2010, 62.000 km | Câmbio: semi-automático | Flex, R$ 26.990,"Natal, Nordeste"
185,Pestana da porta dianteira direita Land Rover, 62.000 km | Câmbio: semi-automático | Flex, R$ 26.990,"Natal, Nordeste"
186,Chave Canivete Carcaça Chevrolet Celta, 62.000 km | Câmbio: semi-automático | Flex, R$ 26.990,"Natal, Nordeste"
187,F12000 - 1995, 62.000 km | Câmbio: semi-automático | Flex, R$ 26.990,"Natal, Nordeste"
188,C3 Tendence Automático - 2015, 62.000 km | Câmbio: semi-automático | Flex, R$ 26.990,"Natal, Nordeste"
189,Idea Advent. Adv.locker 1.8 Mpi Flex 5p - 2009, 62.000 km | Câmbio: semi-automático | Flex, R$ 26.990,"Natal, Nordeste"
190,JEEP RENEGADE 2018/2018 1.8 16V FLEX LONGITUDE 4P AUTOMÁTICO - 2018, 62.000 km | Câmbio: semi-automático | Flex, R$ 26.990,"Natal, Nordeste"
191,Palio Essence 1.6 Flex 16V 5P - 2015, 62.000 km | Câmbio: semi-automático | Flex, R$ 26.990,"Natal, Nordeste"
192,Troco CB 300R em XRE 300 - 2010, 62.000 km | Câmbio: semi-automático | Flex, R$ 26.990,"Natal, Nordeste"
193,Land Rover Range Rover Sport 2015 - 2015, 62.000 km | Câmbio: semi-automático | Flex, R$ 26.990,"Natal, Nordeste"
194,Chave Canivete Carcaça Hyundai HB20 - 3 botões, 62.000 km | Câmbio: semi-automático | Flex, R$ 26.990,"Natal, Nordeste"
195,VOLKSWAGEN GOL 2018/2018 1.6 MSI TOTALFLEX TRENDLINE 4P MANUAL - 2018, 62.000 km | Câmbio: semi-automático | Flex, R$ 26.990,"Natal, Nordeste"
196,Leia todo o anúncio - 2005, 62.000 km | Câmbio: semi-automático | Flex, R$ 26.990,"Natal, Nordeste"
197,Renault Sandero 2016/2017 1.0 Expression - 2017, 62.000 km | Câmbio: semi-automático | Flex, R$ 26.990,"Natal, Nordeste"
198,Lanterna da shineray, 62.000 km | Câmbio: semi-automático | Flex, R$ 26.990,"Natal, Nordeste"
199,Fiat 500 automático - 2012, 62.000 km | Câmbio: semi-automático | Flex, R$ 26.990,"Natal, Nordeste"
200,Chave canivete carcaça VW G5 Voyage Gol Fox - 3 botões, 108.000 km | Câmbio: manual | Flex, R$ 15.500,"Natal, Lagoa Azul"
201,"Xr tornado 250, 2005 - 2005", 108.000 km | Câmbio: manual | Flex, R$ 15.500,"Natal, Lagoa Azul"
202,Gol G5 2012 - 2012, 108.000 km | Câmbio: manual | Flex, R$ 15.500,"Natal, Lagoa Azul"
203,Roda Nova 22.5 ( 275/80 R 22.5 ) 22.5x7.5 NCC 10 Furos ( Favor Ler Descrição do Anuncio ), 108.000 km | Câmbio: manual | Flex, R$ 15.500,"Natal, Lagoa Azul"
204,Toyota Etios hatch super novo - 2016, 108.000 km | Câmbio: manual | Flex, R$ 15.500,"Natal, Lagoa Azul"
205,NISSAN KICKS 2018/2018 1.6 16V FLEX S 4P XTRONIC - 2018, 108.000 km | Câmbio: manual | Flex, R$ 15.500,"Natal, Lagoa Azul"
206,Reboque do golf, 108.000 km | Câmbio: manual | Flex, R$ 15.500,"Natal, Lagoa Azul"
207,Vender barato, 108.000 km | Câmbio: manual | Flex, R$ 15.500,"Natal, Lagoa Azul"
208,Ródão aro 14, 108.000 km | Câmbio: manual | Flex, R$ 15.500,"Natal, Lagoa Azul"
209,L200 outdoor savana - 2008, 108.000 km | Câmbio: manual | Flex, R$ 15.500,"Natal, Lagoa Azul"
210,Jogo de rodas aro 18, 108.000 km | Câmbio: manual | Flex, R$ 15.500,"Natal, Lagoa Azul"
211,Radio Com Bluetooth First Fm Aux Usb Pendrive Som Mp3 Player 1 Din Carro Toca cd, 108.000 km | Câmbio: manual | Flex, R$ 15.500,"Natal, Lagoa Azul"
212,Vendo Toro Volcano 2017 - 2017, 108.000 km | Câmbio: manual | Flex, R$ 15.500,"Natal, Lagoa Azul"
213,Uno só g1 240 reais para emplacar 1.800 - 1996, 108.000 km | Câmbio: manual | Flex, R$ 15.500,"Natal, Lagoa Azul"
214,"Amortecedores Cofap, Usados bons", 108.000 km | Câmbio: manual | Flex, R$ 15.500,"Natal, Lagoa Azul"
215,Siena Fire 1.0 09/10 - 2010, 108.000 km | Câmbio: manual | Flex, R$ 15.500,"Natal, Lagoa Azul"
216,Fiet Stilo 2011 - 2011, 108.000 km | Câmbio: manual | Flex, R$ 15.500,"Natal, Lagoa Azul"
217,Honda City - 2015, 108.000 km | Câmbio: manual | Flex, R$ 15.500,"Natal, Lagoa Azul"
218,Fiat Strada - 2009, 108.000 km | Câmbio: manual | Flex, R$ 15.500,"Natal, Lagoa Azul"
219,Toyota Corolla 2010/2011 1.8 XLI 16V 4P - 2011, 108.000 km | Câmbio: manual | Flex, R$ 15.500,"Natal, Lagoa Azul"
220,Hr-V Ex 1.8 Flexone 16V 5P Aut. - 2016, 108.000 km | Câmbio: manual | Flex, R$ 15.500,"Natal, Lagoa Azul"
221,Vendo e troco essa Johnny - 2012, 108.000 km | Câmbio: manual | Flex, R$ 15.500,"Natal, Lagoa Azul"
222,Fusion SLE - 2011, 108.000 km | Câmbio: manual | Flex, R$ 15.500,"Natal, Lagoa Azul"
223,Honda Fan 170 2014/15 - 2014, 108.000 km | Câmbio: manual | Flex, R$ 15.500,"Natal, Lagoa Azul"
224,Vendo Honda Cívic 208 - 2008, 108.000 km | Câmbio: manual | Flex, R$ 15.500,"Natal, Lagoa Azul"
225,Peugout 206 1.4 2007 - 2007, 108.000 km | Câmbio: manual | Flex, R$ 15.500,"Natal, Lagoa Azul"
226,Reboque De 1 Eixo, 108.000 km | Câmbio: manual | Flex, R$ 15.500,"Natal, Lagoa Azul"
227,Strada Working Cabine Dupla - 2015, 108.000 km | Câmbio: manual | Flex, R$ 15.500,"Natal, Lagoa Azul"
228,Sandero Stepway 2012 - 2012, 108.000 km | Câmbio: manual | Flex, R$ 15.500,"Natal, Lagoa Azul"
229,Saveiro - 2015, 108.000 km | Câmbio: manual | Flex, R$ 15.500,"Natal, Lagoa Azul"
230,Uno Attracitive 1.0 Evo Fire Flex 8V 5P - 2016, 108.000 km | Câmbio: manual | Flex, R$ 15.500,"Natal, Lagoa Azul"
231, RENAULT  LOGAN 1.6 16V SCE FLEX 2016 - 2017, 108.000 km | Câmbio: manual | Flex, R$ 15.500,"Natal, Lagoa Azul"
232,VOLKSWAGEN VOYAGE 2018/2018 1.6 MSI TOTALFLEX TRENDLINE 4P MANUAL - 2018, 108.000 km | Câmbio: manual | Flex, R$ 15.500,"Natal, Lagoa Azul"
233,Gol (Novo) G7 1.0 Mi Total Flex 8V 4P - 2017, 108.000 km | Câmbio: manual | Flex, R$ 15.500,"Natal, Lagoa Azul"
234,"Fiat Uno Mille Fire 2008/2009 (Carro conservado, não bate nada) - 2009", 108.000 km | Câmbio: manual | Flex, R$ 15.500,"Natal, Lagoa Azul"
235,XR 250 tornado - 2007, 108.000 km | Câmbio: manual | Flex, R$ 15.500,"Natal, Lagoa Azul"
236,Câmera de ré para seu carro, 108.000 km | Câmbio: manual | Flex, R$ 15.500,"Natal, Lagoa Azul"
237,Vendo Pneus PIRELLI Scorpions 15, 108.000 km | Câmbio: manual | Flex, R$ 15.500,"Natal, Lagoa Azul"
238,Jogo de roda alumínio, 108.000 km | Câmbio: manual | Flex, R$ 15.500,"Natal, Lagoa Azul"
239,Capa Pneu Jimny, 108.000 km | Câmbio: manual | Flex, R$ 15.500,"Natal, Lagoa Azul"
240,Para corro Sandero, 108.000 km | Câmbio: manual | Flex, R$ 15.500,"Natal, Lagoa Azul"
241,HB20S Premium 1.6 2014 Automático - 2014, 108.000 km | Câmbio: manual | Flex, R$ 15.500,"Natal, Lagoa Azul"
242,Antirust Protetor Anticorrosivo - 900ml - Novo - Últimas unidades, 108.000 km | Câmbio: manual | Flex, R$ 15.500,"Natal, Lagoa Azul"
243,NEY- amortecedores 99924.7860 (w-aap) 98851.7042 (oi), 108.000 km | Câmbio: manual | Flex, R$ 15.500,"Natal, Lagoa Azul"
244,New fiesta 1.6 - 2012, 108.000 km | Câmbio: manual | Flex, R$ 15.500,"Natal, Lagoa Azul"
245,4 pneus 265/60/18 vl dos 4 550 $ tr 999993323, 108.000 km | Câmbio: manual | Flex, R$ 15.500,"Natal, Lagoa Azul"
246,CHEVROLET CELTA 2008/2009 1.0 MPFI LIFE 8V FLEX 4P MANUAL - 2009, 108.000 km | Câmbio: manual | Flex, R$ 15.500,"Natal, Lagoa Azul"
247,Vendo, 108.000 km | Câmbio: manual | Flex, R$ 15.500,"Natal, Lagoa Azul"
248,Capa para Banco de Carro, 108.000 km | Câmbio: manual | Flex, R$ 15.500,"Natal, Lagoa Azul"
249,Siena 2007 super conservado - 2007, 108.000 km | Câmbio: manual | Flex, R$ 15.500,"Natal, Lagoa Azul"
250,Capa pneu jimny, 28.932 km | Câmbio: automático | Flex, R$ 52.990,"Natal, Lagoa Nova"
251,Gol - 2007, 28.932 km | Câmbio: automático | Flex, R$ 52.990,"Natal, Lagoa Nova"
252,Siena EL 1.0 2010 - 2010, 28.932 km | Câmbio: automático | Flex, R$ 52.990,"Natal, Lagoa Nova"
253,Fiat Siena - 2012, 28.932 km | Câmbio: automático | Flex, R$ 52.990,"Natal, Lagoa Nova"
254,Moto traxx - 2009, 28.932 km | Câmbio: automático | Flex, R$ 52.990,"Natal, Lagoa Nova"
255,Pneus + aros 14, 28.932 km | Câmbio: automático | Flex, R$ 52.990,"Natal, Lagoa Nova"
256,Moto FAN 160 - 2016, 28.932 km | Câmbio: automático | Flex, R$ 52.990,"Natal, Lagoa Nova"
257,1 pneu 245/65/17 continental novo vl 450 $ tr *, 28.932 km | Câmbio: automático | Flex, R$ 52.990,"Natal, Lagoa Nova"
258,Ecosport S 1.6 16v Flex 5p - 2014, 28.932 km | Câmbio: automático | Flex, R$ 52.990,"Natal, Lagoa Nova"
259,Microônibus 28 lugares - 2006, 28.932 km | Câmbio: automático | Flex, R$ 52.990,"Natal, Lagoa Nova"
260,Clássic 2008 completo - 2008, 28.932 km | Câmbio: automático | Flex, R$ 52.990,"Natal, Lagoa Nova"
261,1 pneu 245/65/17 Bridgestone novo vl 450 $ tr *, 28.932 km | Câmbio: automático | Flex, R$ 52.990,"Natal, Lagoa Nova"
262,Moto Honda fan 125 - 2010, 28.932 km | Câmbio: automático | Flex, R$ 52.990,"Natal, Lagoa Nova"
263,Repasso Renault Sandero 2018 - 2018, 28.932 km | Câmbio: automático | Flex, R$ 52.990,"Natal, Lagoa Nova"
264,Tucson 2.0 Mpfi Gls 16V 143Cv 2Wd Flex 4P Automático - 2017, 28.932 km | Câmbio: automático | Flex, R$ 52.990,"Natal, Lagoa Nova"
265,Strada 1.4 Mpi Hard Working Cd 8V Flex 3P Manual - 2018, 28.932 km | Câmbio: automático | Flex, R$ 52.990,"Natal, Lagoa Nova"
266,Tampa superior do compressor Land Rover, 28.932 km | Câmbio: automático | Flex, R$ 52.990,"Natal, Lagoa Nova"
267,Sentra 2.0 Sv 16V Flex 4P Automático - 2014, 28.932 km | Câmbio: automático | Flex, R$ 52.990,"Natal, Lagoa Nova"
268,Rodas 17, 28.932 km | Câmbio: automático | Flex, R$ 52.990,"Natal, Lagoa Nova"
269,Onix 1.4 Mpfi Ltz 8V Flex 4P Manual - 2018, 28.932 km | Câmbio: automático | Flex, R$ 52.990,"Natal, Lagoa Nova"
270,Q3 2.0 Tfsi Ambiente Quattro 4P Gasolina S Tronic - 2016, 28.932 km | Câmbio: automático | Flex, R$ 52.990,"Natal, Lagoa Nova"
271,Corolla Gli 1.8 Flex 16v Aut. - 2017, 28.932 km | Câmbio: automático | Flex, R$ 52.990,"Natal, Lagoa Nova"
272,Polimento técnico!!! - 2019, 28.932 km | Câmbio: automático | Flex, R$ 52.990,"Natal, Lagoa Nova"
273,Capacete, 28.932 km | Câmbio: automático | Flex, R$ 52.990,"Natal, Lagoa Nova"
274,Mata cachorro pra vender rápido qualquer, 28.932 km | Câmbio: automático | Flex, R$ 52.990,"Natal, Lagoa Nova"
275,Fiat Palio 2014 completo - Unico Dono - 2014, 28.932 km | Câmbio: automático | Flex, R$ 52.990,"Natal, Lagoa Nova"
276,Rastreador e bloqueador GPS Veicular sem Mensalidades + Instalação a domicílio grátis, 28.932 km | Câmbio: automático | Flex, R$ 52.990,"Natal, Lagoa Nova"
277,Gol G5 Trend 2012 - 2012, 28.932 km | Câmbio: automático | Flex, R$ 52.990,"Natal, Lagoa Nova"
278,Jeep Renegade Sport 2016 - 2016, 28.932 km | Câmbio: automático | Flex, R$ 52.990,"Natal, Lagoa Nova"
279,Blazer - 1996, 28.932 km | Câmbio: automático | Flex, R$ 52.990,"Natal, Lagoa Nova"
280,Som automotivo, 28.932 km | Câmbio: automático | Flex, R$ 52.990,"Natal, Lagoa Nova"
281,Palio 06/completo. - 2006, 28.932 km | Câmbio: automático | Flex, R$ 52.990,"Natal, Lagoa Nova"
282,Grand vitara 2016 - 2016, 28.932 km | Câmbio: automático | Flex, R$ 52.990,"Natal, Lagoa Nova"
283,Ford ka - 2006, 28.932 km | Câmbio: automático | Flex, R$ 52.990,"Natal, Lagoa Nova"
284,Capa protetora de carro, 28.932 km | Câmbio: automático | Flex, R$ 52.990,"Natal, Lagoa Nova"
285,FIAT 500 2012/2012 1.4 CULT 8V FLEX 2P MANUAL - 2012, 28.932 km | Câmbio: automático | Flex, R$ 52.990,"Natal, Lagoa Nova"
286,Logan Authentique SCe 1.0 2018 - 2018, 28.932 km | Câmbio: automático | Flex, R$ 52.990,"Natal, Lagoa Nova"
287,Titan sport super nova - 2005, 28.932 km | Câmbio: automático | Flex, R$ 52.990,"Natal, Lagoa Nova"
288,Carreta basculante Cavalinho (2014) basculante. (2015) - 2014, 28.932 km | Câmbio: automático | Flex, R$ 52.990,"Natal, Lagoa Nova"
289,Sandero stepway 1.6 completo 2014 - 2014, 28.932 km | Câmbio: automático | Flex, R$ 52.990,"Natal, Lagoa Nova"
290,"Não percam essa oportunidade Uno mille 16.500,00 - 2008", 28.932 km | Câmbio: automático | Flex, R$ 52.990,"Natal, Lagoa Nova"
291,Gol G4 1.0 2008 - 2008, 28.932 km | Câmbio: automático | Flex, R$ 52.990,"Natal, Lagoa Nova"
292,FIAT UNO 2017/2018 1.0 FIREFLY FLEX DRIVE 4P MANUAL - 2018, 28.932 km | Câmbio: automático | Flex, R$ 52.990,"Natal, Lagoa Nova"
293,Celta com ar condicionado - 2011, 28.932 km | Câmbio: automático | Flex, R$ 52.990,"Natal, Lagoa Nova"
294, TOYOTA  COROLLA 2.0 XEI 16V FLEX 4P 2014 - 2015, 28.932 km | Câmbio: automático | Flex, R$ 52.990,"Natal, Lagoa Nova"
295,Uno way pra trocar - 2013, 28.932 km | Câmbio: automático | Flex, R$ 52.990,"Natal, Lagoa Nova"
296,Fiat/Siena El 1.4 Completo!!! - 2012, 28.932 km | Câmbio: automático | Flex, R$ 52.990,"Natal, Lagoa Nova"
297,C3 Glx 1.4 Flex 8V 5P - 2011, 28.932 km | Câmbio: automático | Flex, R$ 52.990,"Natal, Lagoa Nova"
298,Repasso Honda civic 2014 LXR 2.0 Automático - 2014, 28.932 km | Câmbio: automático | Flex, R$ 52.990,"Natal, Lagoa Nova"
299,Hyundai Hb20s 1.6 Premium AUT. 2016 - 2016, 28.932 km | Câmbio: automático | Flex, R$ 52.990,"Natal, Lagoa Nova"
300,Bmw 320i active flex 2.0 extra! - 2015, 60.000 km | Câmbio: automático | Flex, R$ 65.900,Caicó
301,Saveiro Ambulância - 2016, 60.000 km | Câmbio: automático | Flex, R$ 65.900,Caicó
302,Troller T-4 MT. 3.0 09/09 - 2009, 60.000 km | Câmbio: automático | Flex, R$ 65.900,Caicó
303,Vw - Volkswagen Voyage - 2018, 60.000 km | Câmbio: automático | Flex, R$ 65.900,Caicó
304,FIAT UNO 2014/2015 1.0 EVO VIVACE 8V FLEX 4P MANUAL - 2015, 60.000 km | Câmbio: automático | Flex, R$ 65.900,Caicó
305,Gol novinho - 2008, 60.000 km | Câmbio: automático | Flex, R$ 65.900,Caicó
306,Fiat palio atractive 1.4 2013 completo - 2013, 60.000 km | Câmbio: automático | Flex, R$ 65.900,Caicó
307,Uno 2006 Faire 1.0 Com Ar e Vidro elétrico - 2006, 60.000 km | Câmbio: automático | Flex, R$ 65.900,Caicó
308,C3 1.5 attraction - 2015, 60.000 km | Câmbio: automático | Flex, R$ 65.900,Caicó
309,"Capa da bancada do Corolla 2017 - R$ 200,00", 60.000 km | Câmbio: automático | Flex, R$ 65.900,Caicó
310,Titan 160 2017 - 2017, 60.000 km | Câmbio: automático | Flex, R$ 65.900,Caicó
311,Duster 1.6 Tech Road 2013 Manual - 2013, 60.000 km | Câmbio: automático | Flex, R$ 65.900,Caicó
312,Fiat Toro freedom - 2017, 60.000 km | Câmbio: automático | Flex, R$ 65.900,Caicó
313,Cruze 1.4 ltz turbo 2018 - 2018, 60.000 km | Câmbio: automático | Flex, R$ 65.900,Caicó
314,Kombi 2011 extra - 2011, 60.000 km | Câmbio: automático | Flex, R$ 65.900,Caicó
315,C3 glx 2012 - 2012, 60.000 km | Câmbio: automático | Flex, R$ 65.900,Caicó
316,Picanto - 2011, 60.000 km | Câmbio: automático | Flex, R$ 65.900,Caicó
317,Renegede flex 1.8 Aut 2016 - 2016, 60.000 km | Câmbio: automático | Flex, R$ 65.900,Caicó
318,Classic 2011 completo flex 1.0 - 2011, 60.000 km | Câmbio: automático | Flex, R$ 65.900,Caicó
319,Raridade - Vectra GSI 95 - 1995, 60.000 km | Câmbio: automático | Flex, R$ 65.900,Caicó
320,Pajero Sport 2011 - 2011, 60.000 km | Câmbio: automático | Flex, R$ 65.900,Caicó
321,Prisma 1.4 2011 - 2011, 60.000 km | Câmbio: automático | Flex, R$ 65.900,Caicó
322,Strada Adventure1.8 Flex - 2016, 60.000 km | Câmbio: automático | Flex, R$ 65.900,Caicó
323,TOYOTA COROLLA 2.0 XEI 16V FLEX 4P AUTOMÁTICO - 2017, 60.000 km | Câmbio: automático | Flex, R$ 65.900,Caicó
324,Corsa 2008 - 2008, 60.000 km | Câmbio: automático | Flex, R$ 65.900,Caicó
325,Gm/ Classic Ls 2016 - 2016, 60.000 km | Câmbio: automático | Flex, R$ 65.900,Caicó
326,Fit Lx 1.5 Flexone 16v 5p Aut. - 2017, 60.000 km | Câmbio: automático | Flex, R$ 65.900,Caicó
327,HONDA HR-V 2018/2018 1.8 16V FLEX TOURING 4P AUTOMÁTICO - 2018, 60.000 km | Câmbio: automático | Flex, R$ 65.900,Caicó
328,Celta 2001 básico - 2001, 60.000 km | Câmbio: automático | Flex, R$ 65.900,Caicó
329,Kits em geral para a suspensão de carros NACIONAIS e IMPORTADOS!, 60.000 km | Câmbio: automático | Flex, R$ 65.900,Caicó
330,"Tucson GLS 2.0 Automática 2014 completo, impecável - 2014", 60.000 km | Câmbio: automático | Flex, R$ 65.900,Caicó
331,Oferta de Peças-Farol, 60.000 km | Câmbio: automático | Flex, R$ 65.900,Caicó
332,Hyundai HB20s 1.0 Confort Plus 2018 Completo - 2018, 60.000 km | Câmbio: automático | Flex, R$ 65.900,Caicó
333,"Pneu Novo 265/70 R16 HT Marca Hyfly ( L-200, Pajero Full, Sport, Hilux, Sw4.)", 60.000 km | Câmbio: automático | Flex, R$ 65.900,Caicó
334,"Pneu Novo 31 x 10.50 R15 A/T Maxtrek ( C-20, D-20, Silverado, L-200, Troller, Hilux.)", 60.000 km | Câmbio: automático | Flex, R$ 65.900,Caicó
335,Fit Ex S 1.5 Flex Flexone 16v 5p Aut. - 2016, 60.000 km | Câmbio: automático | Flex, R$ 65.900,Caicó
336,Roda, 60.000 km | Câmbio: automático | Flex, R$ 65.900,Caicó
337,Honda fan 150 - 2012, 60.000 km | Câmbio: automático | Flex, R$ 65.900,Caicó
338,Cb 300 2010 - 2010, 60.000 km | Câmbio: automático | Flex, R$ 65.900,Caicó
339,Pollo hatch 1.0 2019 completo aceito troca financiamento - 2019, 60.000 km | Câmbio: automático | Flex, R$ 65.900,Caicó
340,Fiat Uno EVO Attractive 8v Flex Revisado e na garantia de fabrica 2016 - 2016, 60.000 km | Câmbio: automático | Flex, R$ 65.900,Caicó
341,VW- Volkswagen Amarok 2013 - 2013, 60.000 km | Câmbio: automático | Flex, R$ 65.900,Caicó
342,Palio 1.4 2016 - 2016, 60.000 km | Câmbio: automático | Flex, R$ 65.900,Caicó
343,Renault Duster Tech Road 1.6 2014 4x2 - 2014, 60.000 km | Câmbio: automático | Flex, R$ 65.900,Caicó
344,NISSAN KICKS 2019/2019 1.6 16V FLEXSTART SL 4P XTRONIC - 2019, 60.000 km | Câmbio: automático | Flex, R$ 65.900,Caicó
345,Nissan Versa 2016 - 2016, 60.000 km | Câmbio: automático | Flex, R$ 65.900,Caicó
346,Grand Siena 1.6 essence 2016 completo - 2016, 60.000 km | Câmbio: automático | Flex, R$ 65.900,Caicó
347,"Pneu Novo 225/45 R17 94W Marca Hifly ( Audi A3, Hyundai I30, Jetta, Vectra e Impreza )", 60.000 km | Câmbio: automático | Flex, R$ 65.900,Caicó
348,Moto 04, 60.000 km | Câmbio: automático | Flex, R$ 65.900,Caicó
349,TOYOTA COROLLA 1.8 GLI 16V FLEX 4P AUTOMÁTICO - 2016, 60.000 km | Câmbio: automático | Flex, R$ 65.900,Caicó
350,Jac J3 1.4 2012 completo R$16.900 - 2012, 104 km | Câmbio: manual | Flex, R$ 24.800,"Natal, Pitimbu"
351,CORSA SUPER 4p ano 96 - 1996, 104 km | Câmbio: manual | Flex, R$ 24.800,"Natal, Pitimbu"
352,VW-Gol G5 1.0 8v Flex-2011 - 2011, 104 km | Câmbio: manual | Flex, R$ 24.800,"Natal, Pitimbu"
353,Perfeita para Trabalhar!!! Courier L 1.6 Flex 2011 - 2011, 104 km | Câmbio: manual | Flex, R$ 24.800,"Natal, Pitimbu"
354,Sandero stepway - 2019, 104 km | Câmbio: manual | Flex, R$ 24.800,"Natal, Pitimbu"
355,Saveiro 2018 - 2018, 104 km | Câmbio: manual | Flex, R$ 24.800,"Natal, Pitimbu"
356,Factor ybr 125 k - 2009, 104 km | Câmbio: manual | Flex, R$ 24.800,"Natal, Pitimbu"
357,Corolla 2014 extra ! - 2014, 104 km | Câmbio: manual | Flex, R$ 24.800,"Natal, Pitimbu"
358,Vw - Volkswagen Saveiro AR-VE-TE-DH - 2014, 104 km | Câmbio: manual | Flex, R$ 24.800,"Natal, Pitimbu"
359,Hb20 1.0 Comfort Plus 12V Turbo Flex 4P Manual - 2018, 104 km | Câmbio: manual | Flex, R$ 24.800,"Natal, Pitimbu"
360,VOLKSWAGEN AMAROK 2014/2015 2.0 S 4X4 CD 16V TURBO INTERCOOLER DIESEL 4P MANUAL - 2015, 104 km | Câmbio: manual | Flex, R$ 24.800,"Natal, Pitimbu"
361,Astra - 2003, 104 km | Câmbio: manual | Flex, R$ 24.800,"Natal, Pitimbu"
362,"Pneu Novo 215/45 R17 91W Marca Fate ( Vectra, Bravo, Civic, Elantra, Cerato,Imprenza.)", 104 km | Câmbio: manual | Flex, R$ 24.800,"Natal, Pitimbu"
363,Palio - 2010, 104 km | Câmbio: manual | Flex, R$ 24.800,"Natal, Pitimbu"
364,Strada Working 2015 CD - 2015, 104 km | Câmbio: manual | Flex, R$ 24.800,"Natal, Pitimbu"
365,Tenho amortecedores Seminovos e nao sao Recondicionados, 104 km | Câmbio: manual | Flex, R$ 24.800,"Natal, Pitimbu"
366,RENAULT SANDERO 2012/2013 1.0 EXPRESSION 16V FLEX 4P MANUAL - 2013, 104 km | Câmbio: manual | Flex, R$ 24.800,"Natal, Pitimbu"
367,HYUNDAI HB20S 2015/2015 1.6 COMFORT PLUS 16V FLEX 4P MANUAL - 2015, 104 km | Câmbio: manual | Flex, R$ 24.800,"Natal, Pitimbu"
368,Hyundai Hb20 1.0 - 2019, 104 km | Câmbio: manual | Flex, R$ 24.800,"Natal, Pitimbu"
369,Fusca 1.6 - 1986, 104 km | Câmbio: manual | Flex, R$ 24.800,"Natal, Pitimbu"
370,208 Active/ Pack 1.5 Flex 8V 5P - 2016, 104 km | Câmbio: manual | Flex, R$ 24.800,"Natal, Pitimbu"
371,"Pneu Novo 265/65 R17 116T A/T Marca Fate ( Ranger, Pajero, Hilux, Landcruiser. )", 104 km | Câmbio: manual | Flex, R$ 24.800,"Natal, Pitimbu"
372,Amortecedores e peças para suspensão em geral a preço de atacado!, 104 km | Câmbio: manual | Flex, R$ 24.800,"Natal, Pitimbu"
373,Ford Ka | Completo | Carro da Cidade de Currais Novos | Revisado | Transferência Grátis - 2012, 104 km | Câmbio: manual | Flex, R$ 24.800,"Natal, Pitimbu"
374,HB20 Comfort Plus Flex 12V Mec. 1.6 - 2015, 104 km | Câmbio: manual | Flex, R$ 24.800,"Natal, Pitimbu"
375,Up! move tsi 1.0 12v flex mec. 15/16 - 2016, 104 km | Câmbio: manual | Flex, R$ 24.800,"Natal, Pitimbu"
376,Palio 1.4 2014 - 2014, 104 km | Câmbio: manual | Flex, R$ 24.800,"Natal, Pitimbu"
377,Triton 2011 hpe aut - 2011, 104 km | Câmbio: manual | Flex, R$ 24.800,"Natal, Pitimbu"
378,Hyundai Hb20s 1.0 Comfort Plus 12v - 2018, 104 km | Câmbio: manual | Flex, R$ 24.800,"Natal, Pitimbu"
379,Palio atractive 1.0 2013 - 2013, 104 km | Câmbio: manual | Flex, R$ 24.800,"Natal, Pitimbu"
380,Selvagem 1973-1973, 104 km | Câmbio: manual | Flex, R$ 24.800,"Natal, Pitimbu"
381,Sandero Stepway Hi-power 1.6 8v 5p - 2017, 104 km | Câmbio: manual | Flex, R$ 24.800,"Natal, Pitimbu"
382,Renault Sandero Expression 1.6 2015 - 2015, 104 km | Câmbio: manual | Flex, R$ 24.800,"Natal, Pitimbu"
383,Fox trend 2013 muito novo!! - 2013, 104 km | Câmbio: manual | Flex, R$ 24.800,"Natal, Pitimbu"
384, HYUNDAI  HB20S 1.6 COMFORT PLUS 16V 2017 - 2018, 104 km | Câmbio: manual | Flex, R$ 24.800,"Natal, Pitimbu"
385,HYUNDAI HB20 2013/2014 1.0 COMFORT 12V FLEX 4P MANUAL - 2014, 104 km | Câmbio: manual | Flex, R$ 24.800,"Natal, Pitimbu"
386,FORD FOCUS 2016/2017 2.0 SE FASTBACK 16V FLEX 4P POWERSHIFT - 2017, 104 km | Câmbio: manual | Flex, R$ 24.800,"Natal, Pitimbu"
387,Hb20x Aut 2014 Extra - 2014, 104 km | Câmbio: manual | Flex, R$ 24.800,"Natal, Pitimbu"
388,$7.900 Palio 1.0 Fire 2014 completo - 2014, 104 km | Câmbio: manual | Flex, R$ 24.800,"Natal, Pitimbu"
389,"Pneu Novo 195/50 R15 86V Marca Hifly ( Gol, Parati, Saveiro, Uno.)", 104 km | Câmbio: manual | Flex, R$ 24.800,"Natal, Pitimbu"
390,"Peugeot 206 completo. impecável, Extra!! - 2006", 104 km | Câmbio: manual | Flex, R$ 24.800,"Natal, Pitimbu"
391,Fox MSI 2016 Extra - 2016, 104 km | Câmbio: manual | Flex, R$ 24.800,"Natal, Pitimbu"
392,Fiat Uno 2001 - 2001, 104 km | Câmbio: manual | Flex, R$ 24.800,"Natal, Pitimbu"
393,Toro Endurece flex 2019 - 2019, 104 km | Câmbio: manual | Flex, R$ 24.800,"Natal, Pitimbu"
394,Gm - Chevrolet Onix - 2018, 104 km | Câmbio: manual | Flex, R$ 24.800,"Natal, Pitimbu"
395,Classic LS 2016 - 2016, 104 km | Câmbio: manual | Flex, R$ 24.800,"Natal, Pitimbu"
396,VOLKSWAGEN VOYAGE 2014/2015 1.6 MI TRENDLINE 8V FLEX 4P MANUAL - 2015, 104 km | Câmbio: manual | Flex, R$ 24.800,"Natal, Pitimbu"
397,Cg 160 start - 2017, 104 km | Câmbio: manual | Flex, R$ 24.800,"Natal, Pitimbu"
398,HONDA HR-V 2017/2017 1.8 16V FLEX EX 4P AUTOMÁTICO - 2017, 104 km | Câmbio: manual | Flex, R$ 24.800,"Natal, Pitimbu"
399,SpaceFox trend 2011 - 2011, 104 km | Câmbio: manual | Flex, R$ 24.800,"Natal, Pitimbu"
